Sample,SiO2,TiO2,Al2O3,Fe2O3,FeO,MnO,MgO,CaO,Na2O,K2O,P2O5
STD_C1_020320_256s_20x50_a,46.47,0.87,18.05,1.95,7.81,0.15,6.15,11.79,1.95,0.3,0.14
STD_C1_020320_256s_20x50_b,46.47,0.87,18.05,1.95,7.81,0.15,6.15,11.79,1.95,0.3,0.14
STD_C1_020320_256s_20x50_c,46.47,0.87,18.05,1.95,7.81,0.15,6.15,11.79,1.95,0.3,0.14
STD_C1_020520_256s_20x50_a,46.47,0.87,18.05,1.95,7.81,0.15,6.15,11.79,1.95,0.3,0.14
STD_C1_020520_256s_20x50_b,46.47,0.87,18.05,1.95,7.81,0.15,6.15,11.79,1.95,0.3,0.14
STD_C1_020520_256s_20x50_c,46.47,0.87,18.05,1.95,7.81,0.15,6.15,11.79,1.95,0.3,0.14
STD_C1_021220_256s_20x50_a,46.47,0.87,18.05,1.95,7.81,0.15,6.15,11.79,1.95,0.3,0.14
STD_C1_021220_256s_20x50_b,46.47,0.87,18.05,1.95,7.81,0.15,6.15,11.79,1.95,0.3,0.14
STD_C1_021220_256s_20x50_c,46.47,0.87,18.05,1.95,7.81,0.15,6.15,11.79,1.95,0.3,0.14
STD_C1_021420_256s_20x50_a,46.47,0.87,18.05,1.95,7.81,0.15,6.15,11.79,1.95,0.3,0.14
STD_C1_021420_256s_20x50_b,46.47,0.87,18.05,1.95,7.81,0.15,6.15,11.79,1.95,0.3,0.14
STD_C1_021420_256s_20x50_c,46.47,0.87,18.05,1.95,7.81,0.15,6.15,11.79,1.95,0.3,0.14
STD_C1_021720_256s_20x50_a,46.47,0.87,18.05,1.95,7.81,0.15,6.15,11.79,1.95,0.3,0.14
STD_C1_021720_256s_20x50_b,46.47,0.87,18.05,1.95,7.81,0.15,6.15,11.79,1.95,0.3,0.14
STD_C1_021720_256s_20x50_c,46.47,0.87,18.05,1.95,7.81,0.15,6.15,11.79,1.95,0.3,0.14
STD_C1_021920_256s_20x50_a,46.47,0.87,18.05,1.95,7.81,0.15,6.15,11.79,1.95,0.3,0.14
STD_C1_021920_256s_20x50_b,46.47,0.87,18.05,1.95,7.81,0.15,6.15,11.79,1.95,0.3,0.14
STD_C1_021920_256s_20x50_c,46.47,0.87,18.05,1.95,7.81,0.15,6.15,11.79,1.95,0.3,0.14
STD_C1_022120_256s_20x50_a,46.47,0.87,18.05,1.95,7.81,0.15,6.15,11.79,1.95,0.3,0.14
STD_C1_022120_256s_20x50_b,46.47,0.87,18.05,1.95,7.81,0.15,6.15,11.79,1.95,0.3,0.14
STD_C1_022120_256s_20x50_c,46.47,0.87,18.05,1.95,7.81,0.15,6.15,11.79,1.95,0.3,0.14
STD_CN92C_OL2_020320_256s_20x25_a,46.26,1.04,17.64,0,9.87,0.18,5.72,11.37,2.13,0.32,0.17
STD_CN92C_OL2_020320_256s_20x25_b,46.26,1.04,17.64,0,9.87,0.18,5.72,11.37,2.13,0.32,0.17
STD_CN92C_OL2_020320_256s_20x25_c,46.26,1.04,17.64,0,9.87,0.18,5.72,11.37,2.13,0.32,0.17
STD_CN92C_OL2_020520_256s_20x25_a,46.26,1.04,17.64,0,9.87,0.18,5.72,11.37,2.13,0.32,0.17
STD_CN92C_OL2_020520_256s_20x25_b,46.26,1.04,17.64,0,9.87,0.18,5.72,11.37,2.13,0.32,0.17
STD_CN92C_OL2_020520_256s_20x25_c,46.26,1.04,17.64,0,9.87,0.18,5.72,11.37,2.13,0.32,0.17
STD_CN92C_OL2_021220_20x25_a,46.26,1.04,17.64,0,9.87,0.18,5.72,11.37,2.13,0.32,0.17
STD_CN92C_OL2_021220_20x25_b,46.26,1.04,17.64,0,9.87,0.18,5.72,11.37,2.13,0.32,0.17
STD_CN92C_OL2_021220_20x25_c,46.26,1.04,17.64,0,9.87,0.18,5.72,11.37,2.13,0.32,0.17
STD_CN92C_OL2_021420_256s_20x25_a,46.26,1.04,17.64,0,9.87,0.18,5.72,11.37,2.13,0.32,0.17
STD_CN92C_OL2_021420_256s_20x25_b,46.26,1.04,17.64,0,9.87,0.18,5.72,11.37,2.13,0.32,0.17
STD_CN92C_OL2_021420_256s_20x25_c,46.26,1.04,17.64,0,9.87,0.18,5.72,11.37,2.13,0.32,0.17
STD_CN92C_OL2_021720_256s_20x25_a,46.26,1.04,17.64,0,9.87,0.18,5.72,11.37,2.13,0.32,0.17
STD_CN92C_OL2_021720_256s_20x25_b,46.26,1.04,17.64,0,9.87,0.18,5.72,11.37,2.13,0.32,0.17
STD_CN92C_OL2_021720_256s_20x25_c,46.26,1.04,17.64,0,9.87,0.18,5.72,11.37,2.13,0.32,0.17
STD_CN92C_OL2_021920_256s_20x25_a,46.26,1.04,17.64,0,9.87,0.18,5.72,11.37,2.13,0.32,0.17
STD_CN92C_OL2_021920_256s_20x25_b,46.26,1.04,17.64,0,9.87,0.18,5.72,11.37,2.13,0.32,0.17
STD_CN92C_OL2_021920_256s_20x25_c,46.26,1.04,17.64,0,9.87,0.18,5.72,11.37,2.13,0.32,0.17
STD_CN92C_OL2_022120_256s_20x25_a,46.26,1.04,17.64,0,9.87,0.18,5.72,11.37,2.13,0.32,0.17
STD_CN92C_OL2_022120_256s_20x25_b,46.26,1.04,17.64,0,9.87,0.18,5.72,11.37,2.13,0.32,0.17
STD_CN92C_OL2_022120_256s_20x25_c,46.26,1.04,17.64,0,9.87,0.18,5.72,11.37,2.13,0.32,0.17
STD_D1010_020320_256s_100x100_a,51.41,1.26,16.58,0,7.58,0,7.57,10.98,3.01,0.37,0.18
STD_D1010_020320_256s_100x100_b,51.41,1.26,16.58,0,7.58,0,7.57,10.98,3.01,0.37,0.18
STD_D1010_020320_256s_100x100_c,51.41,1.26,16.58,0,7.58,0,7.57,10.98,3.01,0.37,0.18
STD_D1010_020520_256s_100x100_a,51.41,1.26,16.58,0,7.58,0,7.57,10.98,3.01,0.37,0.18
STD_D1010_020520_256s_100x100_b,51.41,1.26,16.58,0,7.58,0,7.57,10.98,3.01,0.37,0.18
STD_D1010_020520_256s_100x100_c,51.41,1.26,16.58,0,7.58,0,7.57,10.98,3.01,0.37,0.18
STD_D1010_021220_256s_100x100_a,51.41,1.26,16.58,0,7.58,0,7.57,10.98,3.01,0.37,0.18
STD_D1010_021220_256s_100x100_b,51.41,1.26,16.58,0,7.58,0,7.57,10.98,3.01,0.37,0.18
STD_D1010_021220_256s_100x100_c,51.41,1.26,16.58,0,7.58,0,7.57,10.98,3.01,0.37,0.18
STD_D1010_021420_256s_100x100_a,51.41,1.26,16.58,0,7.58,0,7.57,10.98,3.01,0.37,0.18
STD_D1010_021420_256s_100x100_b,51.41,1.26,16.58,0,7.58,0,7.57,10.98,3.01,0.37,0.18
STD_D1010_021420_256s_100x100_c,51.41,1.26,16.58,0,7.58,0,7.57,10.98,3.01,0.37,0.18
STD_D1010_021720_256s_80x80_a,51.41,1.26,16.58,0,7.58,0,7.57,10.98,3.01,0.37,0.18
STD_D1010_021720_256s_80x80_b,51.41,1.26,16.58,0,7.58,0,7.57,10.98,3.01,0.37,0.18
STD_D1010_021720_256s_80x80_c,51.41,1.26,16.58,0,7.58,0,7.57,10.98,3.01,0.37,0.18
STD_D1010_021720_256s_50x50_b,51.41,1.26,16.58,0,7.58,0,7.57,10.98,3.01,0.37,0.18
STD_D1010_021720_256s_100x100_a,51.41,1.26,16.58,0,7.58,0,7.57,10.98,3.01,0.37,0.18
STD_D1010_021720_256s_100x100_b,51.41,1.26,16.58,0,7.58,0,7.57,10.98,3.01,0.37,0.18
STD_D1010_021720_256s_100x100_c,51.41,1.26,16.58,0,7.58,0,7.57,10.98,3.01,0.37,0.18
STD_D1010_021920_256s_100x100_a,51.41,1.26,16.58,0,7.58,0,7.57,10.98,3.01,0.37,0.18
STD_D1010_021920_256s_100x100_b,51.41,1.26,16.58,0,7.58,0,7.57,10.98,3.01,0.37,0.18
STD_D1010_021920_256s_100x100_c,51.41,1.26,16.58,0,7.58,0,7.57,10.98,3.01,0.37,0.18
STD_D1010_022120_256s_100x100_a,51.41,1.26,16.58,0,7.58,0,7.57,10.98,3.01,0.37,0.18
STD_D1010_022120_256s_100x100_b,51.41,1.26,16.58,0,7.58,0,7.57,10.98,3.01,0.37,0.18
STD_D1010_022120_256s_100x100_c,51.41,1.26,16.58,0,7.58,0,7.57,10.98,3.01,0.37,0.18
STD_D1010_030920_256s_100x100_a,51.41,1.26,16.58,0,7.58,0,7.57,10.98,3.01,0.37,0.18
STD_D1010_030920_256s_100x100_b,51.41,1.26,16.58,0,7.58,0,7.57,10.98,3.01,0.37,0.18
STD_D1010_030920_256s_100x100_c,51.41,1.26,16.58,0,7.58,0,7.57,10.98,3.01,0.37,0.18
STD_D1010_031020_256s_100x100_a,51.41,1.26,16.58,0,7.58,0,7.57,10.98,3.01,0.37,0.18
STD_D1010_031020_256s_100x100_b,51.41,1.26,16.58,0,7.58,0,7.57,10.98,3.01,0.37,0.18
STD_D1010_031020_256s_100x100_c,51.41,1.26,16.58,0,7.58,0,7.57,10.98,3.01,0.37,0.18
STD_D1010_012821_256s_100x100_a,51.41,1.26,16.58,0,7.58,0,7.57,10.98,3.01,0.37,0.18
STD_D1010_012821_256s_100x100_b,51.41,1.26,16.58,0,7.58,0,7.57,10.98,3.01,0.37,0.18
STD_D1010_012821_256s_100x100_c,51.41,1.26,16.58,0,7.58,0,7.57,10.98,3.01,0.37,0.18
STD_ETF46_020320_256s_15x15_a,47.46,0.84,11.18,0,9,0.14,12.43,13.17,1.64,1.1,0.27
STD_ETF46_020320_256s_15x15_b,47.46,0.84,11.18,0,9,0.14,12.43,13.17,1.64,1.1,0.27
STD_ETF46_020320_256s_15x15_c,47.46,0.84,11.18,0,9,0.14,12.43,13.17,1.64,1.1,0.27
STD_ETF46_020520_256s_15x15_a,47.46,0.84,11.18,0,9,0.14,12.43,13.17,1.64,1.1,0.27
STD_ETF46_020520_256s_15x15_b,47.46,0.84,11.18,0,9,0.14,12.43,13.17,1.64,1.1,0.27
STD_ETF46_020520_256s_15x15_c,47.46,0.84,11.18,0,9,0.14,12.43,13.17,1.64,1.1,0.27
STD_ETF46_021220_256s_15x20_a,47.46,0.84,11.18,0,9,0.14,12.43,13.17,1.64,1.1,0.27
STD_ETF46_021220_256s_15x20_b,47.46,0.84,11.18,0,9,0.14,12.43,13.17,1.64,1.1,0.27
STD_ETF46_021220_256s_15x20_c,47.46,0.84,11.18,0,9,0.14,12.43,13.17,1.64,1.1,0.27
STD_ETF46_021420_256s_15x20_a,47.46,0.84,11.18,0,9,0.14,12.43,13.17,1.64,1.1,0.27
STD_ETF46_021420_256s_15x20_b,47.46,0.84,11.18,0,9,0.14,12.43,13.17,1.64,1.1,0.27
STD_ETF46_021420_256s_15x20_c,47.46,0.84,11.18,0,9,0.14,12.43,13.17,1.64,1.1,0.27
STD_ETF46_021720_256s_15x20_a,47.46,0.84,11.18,0,9,0.14,12.43,13.17,1.64,1.1,0.27
STD_ETF46_021720_256s_15x20_b,47.46,0.84,11.18,0,9,0.14,12.43,13.17,1.64,1.1,0.27
STD_ETF46_021720_256s_15x20_c,47.46,0.84,11.18,0,9,0.14,12.43,13.17,1.64,1.1,0.27
STD_ETF46_021920_256s_15x20_a,47.46,0.84,11.18,0,9,0.14,12.43,13.17,1.64,1.1,0.27
STD_ETF46_021920_256s_15x20_b,47.46,0.84,11.18,0,9,0.14,12.43,13.17,1.64,1.1,0.27
STD_ETF46_021920_256s_15x20_c,47.46,0.84,11.18,0,9,0.14,12.43,13.17,1.64,1.1,0.27
STD_ETF46_022120_256s_15x20_a,47.46,0.84,11.18,0,9,0.14,12.43,13.17,1.64,1.1,0.27
STD_ETF46_022120_256s_15x20_b,47.46,0.84,11.18,0,9,0.14,12.43,13.17,1.64,1.1,0.27
STD_ETF46_022120_256s_15x20_c,47.46,0.84,11.18,0,9,0.14,12.43,13.17,1.64,1.1,0.27
21ALV1846-9_44x44_s1_EP_103um,49.67,0.57,17.45,0,7.03,0.16,6.95,13.46,2.07,0.71,0.13
21ALV1846-9_44x44_s2_EP_103um,49.67,0.57,17.45,0,7.03,0.16,6.95,13.46,2.07,0.71,0.13
21ALV1846-9_44x44_s3_EP_103um,49.67,0.57,17.45,0,7.03,0.16,6.95,13.46,2.07,0.71,0.13
23WOK5-4_44x44_s1_EP_147um,50.88,1.27,17.22,0,8.11,0.15,7.57,10.74,3.15,0.19,0.16
23WOK5-4_44x44_s2_EP_147um,50.88,1.27,17.22,0,8.11,0.15,7.57,10.74,3.15,0.19,0.16
23WOK5-4_44x44_s3_EP_147um,50.88,1.27,17.22,0,8.11,0.15,7.57,10.74,3.15,0.19,0.16
ALV1833-11_44x44_s1_EP_108um,51.13,1.04,17.16,0,7.55,0.15,7.55,11.92,2.86,0.25,0.18
ALV1833-11_44x44_s2_EP_108um,51.13,1.04,17.16,0,7.55,0.15,7.55,11.92,2.86,0.25,0.18
ALV1833-11_44x44_s3_EP_108um,51.13,1.04,17.16,0,7.55,0.15,7.55,11.92,2.86,0.25,0.18
CD33_12-2-2_VG9764_44x44_s1_EP_105um,50.8,1.68,14.02,0,12.14,0.22,6.75,11.01,2.56,0.09,0.12
CD33_12-2-2_VG9764_44x44_s2_EP_105um,50.8,1.68,14.02,0,12.14,0.22,6.75,11.01,2.56,0.09,0.12
CD33_12-2-2_VG9764_44x44_s3_EP_105um,50.8,1.68,14.02,0,12.14,0.22,6.75,11.01,2.56,0.09,0.12
CD33_22-1-1_VG9812_44x44_s1_EP_73um,51.3,1.01,14.87,0,9.53,0.17,7.72,12.32,2.12,0.07,0.07
CD33_22-1-1_VG9812_44x44_s2_EP_73um,51.3,1.01,14.87,0,9.53,0.17,7.72,12.32,2.12,0.07,0.07
CD33_22-1-1_VG9812_44x44_s3_EP_73um,51.3,1.01,14.87,0,9.53,0.17,7.72,12.32,2.12,0.07,0.07
Fiege63_256s,46.78,2.72,14.87,0,10.57,0.14,10.52,9.8,2.93,0.92,0.4
Fiege63_256s_2,46.78,2.72,14.87,0,10.57,0.14,10.52,9.8,2.93,0.92,0.4
Fiege63_256s_3,46.78,2.72,14.87,0,10.57,0.14,10.52,9.8,2.93,0.92,0.4
Fiege73_2_256s,46.78,2.72,14.87,0,10.57,0.14,10.52,9.8,2.93,0.92,0.4
Fiege73_256s,46.78,2.72,14.87,0,10.57,0.14,10.52,9.8,2.93,0.92,0.4
Fiege73_256s_2,46.78,2.72,14.87,0,10.57,0.14,10.52,9.8,2.93,0.92,0.4
Fiege73_256s_2_highres,46.78,2.72,14.87,0,10.57,0.14,10.52,9.8,2.93,0.92,0.4
ETFSR_Ol8_256s,45.3825,0.777782,8.73786,2.6570625,6.1998125,0.173574,16.1042,11.79665,1.47798,0.65999,0.33548
ETFSR_Ol8_256s_2,45.3825,0.777782,8.73786,2.6570625,6.1998125,0.173574,16.1042,11.79665,1.47798,0.65999,0.33548
ETFSR_Ol8_highres_256s,45.3825,0.777782,8.73786,2.6570625,6.1998125,0.173574,16.1042,11.79665,1.47798,0.65999,0.33548
STD_C1'_256s_20x50,46.47,0.87,18.05,1.95,7.81,0.15,6.15,11.79,1.95,0.3,0.14
STD_ETFS_15x20_256s_2,47.46,0.84,11.18,0,9,0.14,12.43,13.17,1.64,1.1,0.27
STD_ETFS_15x25_256s,47.46,0.84,11.18,0,9,0.14,12.43,13.17,1.64,1.1,0.27
VF74_127-7_101220_256s_15x20_a,51.37,1.11,17.3,1.85,7.4,0.17,3.79,7.56,3.66,0.85,0.22
VF74_127-7_101220_256s_15x20_b,51.37,1.11,17.3,1.85,7.4,0.17,3.79,7.56,3.66,0.85,0.22
VF74_127-7_101220_256s_15x20_c,51.37,1.11,17.3,1.85,7.4,0.17,3.79,7.56,3.66,0.85,0.22
VF74_131-1_101220_256s_25x50_a,52.99,1.05,16.86,1.85,7.38,0.18,4.43,7.43,1.06,0.96,0.16
VF74_131-1_101220_256s_25x50_b,52.99,1.05,16.86,1.85,7.38,0.18,4.43,7.43,1.06,0.96,0.16
VF74_131-1_101220_256s_25x50_c,52.99,1.05,16.86,1.85,7.38,0.18,4.43,7.43,1.06,0.96,0.16
VF74_131-9_MI1_101220_256s_15x30_a,51.22,1.2,16.91,1.96,7.83,0.22,4.22,7.87,3.41,0.88,0.18
VF74_131-9_MI1_101220_256s_15x30_b,51.22,1.2,16.91,1.96,7.83,0.22,4.22,7.87,3.41,0.88,0.18
VF74_131-9_MI1_101220_256s_15x30_c,51.22,1.2,16.91,1.96,7.83,0.22,4.22,7.87,3.41,0.88,0.18
VF74_131-9_MI2_101220_256s_20x25_a,51.01,1.17,16.8,1.93,7.74,0.19,4.27,8.64,3.72,0.84,0.12
VF74_131-9_MI2_101220_256s_20x25_b,51.01,1.17,16.8,1.93,7.74,0.19,4.27,8.64,3.72,0.84,0.12
VF74_131-9_MI2_101220_256s_20x25_c,51.01,1.17,16.8,1.93,7.74,0.19,4.27,8.64,3.72,0.84,0.12
VF74_132-1_101220_256s_40x50_a,50.92,1.06,18.14,1.86,7.43,0.17,3.64,8.01,4.1,0.85,0.23
VF74_132-1_101220_256s_40x50_b,50.92,1.06,18.14,1.86,7.43,0.17,3.64,8.01,4.1,0.85,0.23
VF74_132-1_101220_256s_40x50_c,50.92,1.06,18.14,1.86,7.43,0.17,3.64,8.01,4.1,0.85,0.23
VF74_132-2_101220_256s_20x25_a,52.93,1.17,16.43,1.92,7.67,0.18,4.17,7.47,0.95,0.95,0.15
VF74_132-2_101220_256s_20x25_b,52.93,1.17,16.43,1.92,7.67,0.18,4.17,7.47,0.95,0.95,0.15
VF74_132-2_101220_256s_20x25_c,52.93,1.17,16.43,1.92,7.67,0.18,4.17,7.47,0.95,0.95,0.15
VF74_134D-15_101220_256s_15x25_a,49.27,0.9,18.68,1.76,7.06,0.2,3.42,9.28,3.18,0.63,0.19
VF74_134D-15_101220_256s_15x25_b,49.27,0.9,18.68,1.76,7.06,0.2,3.42,9.28,3.18,0.63,0.19
VF74_134D-15_101220_256s_15x25_c,49.27,0.9,18.68,1.76,7.06,0.2,3.42,9.28,3.18,0.63,0.19
VF74_136-3_101220_256s_20x30_a,51.39,1.23,17.05,1.7,6.8,0.15,4.06,8.05,3.89,0.91,0.19
VF74_136-3_101220_256s_20x30_b,51.39,1.23,17.05,1.7,6.8,0.15,4.06,8.05,3.89,0.91,0.19
VF74_136-3_101220_256s_20x30_c,51.39,1.23,17.05,1.7,6.8,0.15,4.06,8.05,3.89,0.91,0.19